[
{
  "model": "material.subject",
  "pk": 1,
  "fields": {
    "name": "Matem\u00e1ticas",
    "color": "#0000ff",
    "thumbnail": "http://static.macchiato.cl/images/mathematics.jpg"
  }
},
{
  "model": "material.subject",
  "pk": 2,
  "fields": {
    "name": "Lenguaje",
    "color": "#ff0000",
    "thumbnail": "http://static.macchiato.cl/images/language.jpg"
  }
},
{
  "model": "material.unit",
  "pk": 1,
  "fields": {
    "subject": 1,
    "name": "Operatoria de n\u00fameros racionales",
    "academic_level": 1
  }
},
{
  "model": "material.unit",
  "pk": 2,
  "fields": {
    "subject": 1,
    "name": "Potencia de base racional y exponente entero",
    "academic_level": 1
  }
},
{
  "model": "material.unit",
  "pk": 3,
  "fields": {
    "subject": 1,
    "name": "Productos notables",
    "academic_level": 1
  }
},
{
  "model": "material.unit",
  "pk": 4,
  "fields": {
    "subject": 1,
    "name": "\u00c1rea de la superficie y volumen del cono",
    "academic_level": 1
  }
},
{
  "model": "material.unit",
  "pk": 5,
  "fields": {
    "subject": 1,
    "name": "Sistemas de ecuaciones lineales (2 x 2)",
    "academic_level": 1
  }
},
{
  "model": "material.unit",
  "pk": 6,
  "fields": {
    "subject": 1,
    "name": "Relaciones lineales en dos variables",
    "academic_level": 1
  }
},
{
  "model": "material.unit",
  "pk": 7,
  "fields": {
    "subject": 1,
    "name": "\u00c1rea y per\u00edmetro sectores y segmentos circulares",
    "academic_level": 1
  }
},
{
  "model": "material.unit",
  "pk": 8,
  "fields": {
    "subject": 1,
    "name": "Homotecia",
    "academic_level": 1
  }
},
{
  "model": "material.unit",
  "pk": 9,
  "fields": {
    "subject": 1,
    "name": "Teoremas de Thales",
    "academic_level": 1
  }
},
{
  "model": "material.unit",
  "pk": 10,
  "fields": {
    "subject": 1,
    "name": "Semejanza y sus propiedades",
    "academic_level": 1
  }
},
{
  "model": "material.unit",
  "pk": 11,
  "fields": {
    "subject": 1,
    "name": "Homotecia en el plano cartesiano",
    "academic_level": 1
  }
},
{
  "model": "material.unit",
  "pk": 12,
  "fields": {
    "subject": 1,
    "name": "Producto de un vector por un escalar",
    "academic_level": 1
  }
},
{
  "model": "material.unit",
  "pk": 13,
  "fields": {
    "subject": 1,
    "name": "Distribuciones de dos caracter\u00edsticas distintas",
    "academic_level": 1
  }
},
{
  "model": "material.unit",
  "pk": 14,
  "fields": {
    "subject": 1,
    "name": "Separaci\u00f3n de la distribuci\u00f3n de dos poblaciones",
    "academic_level": 1
  }
},
{
  "model": "material.unit",
  "pk": 15,
  "fields": {
    "subject": 1,
    "name": "Reglas de las probabilidades",
    "academic_level": 1
  }
},
{
  "model": "material.unit",
  "pk": 16,
  "fields": {
    "subject": 1,
    "name": "Concepto de azar",
    "academic_level": 1
  }
},
{
  "model": "material.unit",
  "pk": 17,
  "fields": {
    "subject": 1,
    "name": "N\u00fameros irracionales y propiedades",
    "academic_level": 2
  }
},
{
  "model": "material.unit",
  "pk": 18,
  "fields": {
    "subject": 1,
    "name": "N\u00fameros reales y propiedades",
    "academic_level": 2
  }
},
{
  "model": "material.unit",
  "pk": 19,
  "fields": {
    "subject": 1,
    "name": "Operaciones aritm\u00e9ticas con n\u00fameros reales",
    "academic_level": 2
  }
},
{
  "model": "material.unit",
  "pk": 20,
  "fields": {
    "subject": 1,
    "name": "Potencias de exponente racional",
    "academic_level": 2
  }
},
{
  "model": "material.unit",
  "pk": 21,
  "fields": {
    "subject": 1,
    "name": "Propiedades de las potencias de exponente racional",
    "academic_level": 2
  }
},
{
  "model": "material.unit",
  "pk": 22,
  "fields": {
    "subject": 1,
    "name": "Ra\u00edces en\u00e9simas",
    "academic_level": 2
  }
},
{
  "model": "material.unit",
  "pk": 23,
  "fields": {
    "subject": 1,
    "name": "Propiedades de las ra\u00edces en\u00e9simas",
    "academic_level": 2
  }
},
{
  "model": "material.unit",
  "pk": 24,
  "fields": {
    "subject": 1,
    "name": "Logaritmos",
    "academic_level": 2
  }
},
{
  "model": "material.unit",
  "pk": 25,
  "fields": {
    "subject": 1,
    "name": "Propiedades de los logaritmos",
    "academic_level": 2
  }
},
{
  "model": "material.unit",
  "pk": 26,
  "fields": {
    "subject": 1,
    "name": "Semejanza de figuras planas",
    "academic_level": 2
  }
},
{
  "model": "material.unit",
  "pk": 27,
  "fields": {
    "subject": 1,
    "name": "Criterios de semejanza de figuras planas",
    "academic_level": 2
  }
},
{
  "model": "material.unit",
  "pk": 28,
  "fields": {
    "subject": 1,
    "name": "Trazos proporcionales",
    "academic_level": 2
  }
},
{
  "model": "material.unit",
  "pk": 29,
  "fields": {
    "subject": 1,
    "name": "Propiedades invariantes en modelos a escala",
    "academic_level": 2
  }
},
{
  "model": "material.unit",
  "pk": 30,
  "fields": {
    "subject": 1,
    "name": "Teorema de Pit\u00e1goras",
    "academic_level": 2
  }
},
{
  "model": "material.unit",
  "pk": 31,
  "fields": {
    "subject": 1,
    "name": "Teorema de Thales (Avanzado)",
    "academic_level": 2
  }
},
{
  "model": "material.unit",
  "pk": 32,
  "fields": {
    "subject": 1,
    "name": "Teorema de Euclides",
    "academic_level": 2
  }
},
{
  "model": "material.unit",
  "pk": 33,
  "fields": {
    "subject": 1,
    "name": "\u00c1ngulo del centro en la circunferencia",
    "academic_level": 2
  }
},
{
  "model": "material.unit",
  "pk": 34,
  "fields": {
    "subject": 1,
    "name": "\u00c1ngulo inscrito en una circunferencia",
    "academic_level": 2
  }
},
{
  "model": "material.unit",
  "pk": 35,
  "fields": {
    "subject": 1,
    "name": "Funci\u00f3n exponencial y representaci\u00f3n gr\u00e1fica",
    "academic_level": 2
  }
},
{
  "model": "material.unit",
  "pk": 36,
  "fields": {
    "subject": 1,
    "name": "Funci\u00f3n logar\u00edtmica y representaci\u00f3n gr\u00e1fica",
    "academic_level": 2
  }
},
{
  "model": "material.unit",
  "pk": 37,
  "fields": {
    "subject": 1,
    "name": "Funci\u00f3n ra\u00edz cuadrada y representaci\u00f3n gr\u00e1fica",
    "academic_level": 2
  }
},
{
  "model": "material.unit",
  "pk": 38,
  "fields": {
    "subject": 1,
    "name": "Sistemas de ecuaciones lineales con dos inc\u00f3gnitas",
    "academic_level": 2
  }
},
{
  "model": "material.unit",
  "pk": 39,
  "fields": {
    "subject": 1,
    "name": "Resoluci\u00f3n sistema ecuaciones lineales con 2 inc.",
    "academic_level": 2
  }
},
{
  "model": "material.unit",
  "pk": 40,
  "fields": {
    "subject": 1,
    "name": "Gr\u00e1fica de un sistema de ecuaciones",
    "academic_level": 2
  }
},
{
  "model": "material.unit",
  "pk": 41,
  "fields": {
    "subject": 1,
    "name": "Expresiones algebraicas fraccionarias",
    "academic_level": 2
  }
},
{
  "model": "material.unit",
  "pk": 42,
  "fields": {
    "subject": 1,
    "name": "Operaciones expresiones algebraicas fraccionarias",
    "academic_level": 2
  }
},
{
  "model": "material.unit",
  "pk": 43,
  "fields": {
    "subject": 1,
    "name": "Medidas de dispersi\u00f3n: desviaci\u00f3n est\u00e1ndar",
    "academic_level": 2
  }
},
{
  "model": "material.unit",
  "pk": 44,
  "fields": {
    "subject": 1,
    "name": "Variables aleatorias",
    "academic_level": 2
  }
},
{
  "model": "material.unit",
  "pk": 45,
  "fields": {
    "subject": 1,
    "name": "Media muestral",
    "academic_level": 2
  }
},
{
  "model": "material.unit",
  "pk": 46,
  "fields": {
    "subject": 1,
    "name": "Ley de los grandes n\u00fameros",
    "academic_level": 2
  }
},
{
  "model": "material.unit",
  "pk": 47,
  "fields": {
    "subject": 1,
    "name": "Pruebas independientes",
    "academic_level": 2
  }
},
{
  "model": "material.unit",
  "pk": 48,
  "fields": {
    "subject": 1,
    "name": "Eventos independientes",
    "academic_level": 2
  }
},
{
  "model": "material.unit",
  "pk": 49,
  "fields": {
    "subject": 1,
    "name": "Eventos mutuamente excluyentes",
    "academic_level": 2
  }
},
{
  "model": "material.unit",
  "pk": 50,
  "fields": {
    "subject": 1,
    "name": "C\u00e1lculo probabilidades eventos ind. y mut. excl.",
    "academic_level": 2
  }
},
{
  "model": "material.unit",
  "pk": 51,
  "fields": {
    "subject": 1,
    "name": "N\u00fameros complejos",
    "academic_level": 3
  }
},
{
  "model": "material.unit",
  "pk": 52,
  "fields": {
    "subject": 1,
    "name": "Operaciones aritm\u00e9ticas con n\u00fameros complejos",
    "academic_level": 3
  }
},
{
  "model": "material.unit",
  "pk": 53,
  "fields": {
    "subject": 1,
    "name": "Conjugado de un n\u00famero complejo",
    "academic_level": 3
  }
},
{
  "model": "material.unit",
  "pk": 54,
  "fields": {
    "subject": 1,
    "name": "Funci\u00f3n cuadr\u00e1tica",
    "academic_level": 3
  }
},
{
  "model": "material.unit",
  "pk": 55,
  "fields": {
    "subject": 1,
    "name": "Ecuaci\u00f3n de segundo grado",
    "academic_level": 3
  }
},
{
  "model": "material.unit",
  "pk": 56,
  "fields": {
    "subject": 1,
    "name": "Geometr\u00eda cartesiana",
    "academic_level": 3
  }
},
{
  "model": "material.unit",
  "pk": 57,
  "fields": {
    "subject": 1,
    "name": "Homotecia (Avanzado)",
    "academic_level": 3
  }
},
{
  "model": "material.unit",
  "pk": 58,
  "fields": {
    "subject": 1,
    "name": "Vector",
    "academic_level": 3
  }
},
{
  "model": "material.unit",
  "pk": 59,
  "fields": {
    "subject": 1,
    "name": "Producto por un escalar",
    "academic_level": 3
  }
},
{
  "model": "material.unit",
  "pk": 60,
  "fields": {
    "subject": 1,
    "name": "Sistemas 2x2 de ecuaciones lineales",
    "academic_level": 3
  }
},
{
  "model": "material.unit",
  "pk": 61,
  "fields": {
    "subject": 1,
    "name": "Probabilidad condicional",
    "academic_level": 3
  }
},
{
  "model": "material.unit",
  "pk": 62,
  "fields": {
    "subject": 1,
    "name": "Variable aleatoria discreta",
    "academic_level": 3
  }
},
{
  "model": "material.unit",
  "pk": 63,
  "fields": {
    "subject": 1,
    "name": "Funci\u00f3n de probabilidad",
    "academic_level": 3
  }
},
{
  "model": "material.unit",
  "pk": 64,
  "fields": {
    "subject": 1,
    "name": "Distribuciones de probabilidad",
    "academic_level": 3
  }
},
{
  "model": "material.unit",
  "pk": 65,
  "fields": {
    "subject": 1,
    "name": "Distribuci\u00f3n binomial",
    "academic_level": 3
  }
},
{
  "model": "material.unit",
  "pk": 66,
  "fields": {
    "subject": 1,
    "name": "Valor esperado de una distribuci\u00f3n binominal",
    "academic_level": 3
  }
},
{
  "model": "material.unit",
  "pk": 67,
  "fields": {
    "subject": 1,
    "name": "Varianza de una distribuci\u00f3n binominal",
    "academic_level": 3
  }
},
{
  "model": "material.unit",
  "pk": 68,
  "fields": {
    "subject": 1,
    "name": "Desviaci\u00f3n est\u00e1ndar de una distribuci\u00f3n binominal",
    "academic_level": 3
  }
},
{
  "model": "material.unit",
  "pk": 69,
  "fields": {
    "subject": 1,
    "name": "Funci\u00f3n potencia",
    "academic_level": 4
  }
},
{
  "model": "material.unit",
  "pk": 70,
  "fields": {
    "subject": 1,
    "name": "Funci\u00f3n inversa de una funci\u00f3n",
    "academic_level": 4
  }
},
{
  "model": "material.unit",
  "pk": 71,
  "fields": {
    "subject": 1,
    "name": "Sistemas de inecuaciones lineales",
    "academic_level": 4
  }
},
{
  "model": "material.unit",
  "pk": 72,
  "fields": {
    "subject": 1,
    "name": "Puntos en el espacio",
    "academic_level": 4
  }
},
{
  "model": "material.unit",
  "pk": 73,
  "fields": {
    "subject": 1,
    "name": "Ecuaci\u00f3n vectorial de la recta en el espacio",
    "academic_level": 4
  }
},
{
  "model": "material.unit",
  "pk": 74,
  "fields": {
    "subject": 1,
    "name": "Ecuaci\u00f3n cartesiana de la recta en el espacio",
    "academic_level": 4
  }
},
{
  "model": "material.unit",
  "pk": 75,
  "fields": {
    "subject": 1,
    "name": "Ecuaci\u00f3n vectorial del plano en el espacio",
    "academic_level": 4
  }
},
{
  "model": "material.unit",
  "pk": 76,
  "fields": {
    "subject": 1,
    "name": "Generaci\u00f3n de cuerpos por traslaci\u00f3n de figuras 2D",
    "academic_level": 4
  }
},
{
  "model": "material.unit",
  "pk": 77,
  "fields": {
    "subject": 1,
    "name": "Generaci\u00f3n de cuerpos por rotaci\u00f3n de figuras 2D",
    "academic_level": 4
  }
},
{
  "model": "material.unit",
  "pk": 78,
  "fields": {
    "subject": 1,
    "name": "Variable aleatoria continua",
    "academic_level": 4
  }
},
{
  "model": "material.unit",
  "pk": 79,
  "fields": {
    "subject": 1,
    "name": "Distribuci\u00f3n de probabilidad de una variable aleat",
    "academic_level": 4
  }
},
{
  "model": "material.unit",
  "pk": 80,
  "fields": {
    "subject": 1,
    "name": "Funci\u00f3n de densidad de probabilidad de una variabl",
    "academic_level": 4
  }
},
{
  "model": "material.unit",
  "pk": 81,
  "fields": {
    "subject": 1,
    "name": "Distribuci\u00f3n normal",
    "academic_level": 4
  }
},
{
  "model": "material.unit",
  "pk": 82,
  "fields": {
    "subject": 1,
    "name": "Funci\u00f3n \u03a6 de distribuci\u00f3n acumulada",
    "academic_level": 4
  }
},
{
  "model": "material.unit",
  "pk": 83,
  "fields": {
    "subject": 1,
    "name": "Estimaci\u00f3n de medias poblacionales",
    "academic_level": 4
  }
},
{
  "model": "material.unit",
  "pk": 84,
  "fields": {
    "subject": 1,
    "name": "Construcci\u00f3n de intervalos de confianza",
    "academic_level": 4
  }
},
{
  "model": "material.content",
  "pk": 1,
  "fields": {
    "moment": "2017-11-01T04:41:58.238Z",
    "unit": 18,
    "author": 2,
    "title": "Los n\u00fameros naturales",
    "summary": "Con los n\u00fameros naturales contamos los elementos de un conjunto. O bien expresamos la posici\u00f3n u orden que ocupa un elemento en un conjunto.",
    "text": "[{\"schema\":\"text\",\"text\":\"Con los n\u00fameros naturales contamos los elementos de un conjunto (n\u00famero cardinal). O bien expresamos la posici\u00f3n u orden que ocupa un elemento en un conjunto (ordinal).\"}, {\"schema\":\"text\",\"text\":\"El conjunto de los n\u00fameros naturales est\u00e1 formado por: $$N = {0, 1, 2, 3, 4, 5, 6, 7, 8, 9,...}$$\"}, {\"schema\":\"title\",\"title\":\"Recta\"}, {\"schema\":\"text\",\"text\":\"La suma y el producto de dos n\u00fameros naturales es otro n\u00famero natural. La diferencia de dos n\u00fameros naturales no siempre es un n\u00famero natural, s\u00f3lo ocurre cuando el minuendo es mayor que sustraendo.\"}, {\"schema\":\"text\",\"text\":\"Ejemplos: \\n $5 \u2212 3$ Pertenece Conjunto de los n\u00fameros naturales \\n $3 \u2212 5$ No pertenece Conjunto de los n\u00fameros naturales\"}, {\"schema\":\"text\",\"text\":\"El cociente de dos n\u00fameros naturales no siempre es un n\u00famero natural, s\u00f3lo ocurre cuando la divisi\u00f3n es exacta.\"}, {\"schema\":\"text\",\"text\":\"Ejemplos: \\n$6 : 2$ Pertenece Conjunto de los n\u00fameros naturales\\n$2 : 6$ No pertenece Conjunto de los n\u00fameros naturales\"}, {\"schema\":\"text\",\"text\":\"Podemos utilizar potencias, ya que es la forma abreviada de escribir un producto formado por varios factores iguales. La ra\u00edz de un n\u00famero natural no siempre es un n\u00famero natural, s\u00f3lo ocurre cuando la ra\u00edz es exacta.\"}]",
    "primitive": "abrebiada alberto barioz bien dibizion diferenzia elemento elementoz exacta exprezamoz ezcribir ezta factorez forma formado igualez kardinal konjunto konjunto kontamoz koziente kuando mayor minuendo natural naturalez nejemploz npodemoz nrecta numero numeroz okupa okure orden ordinal otro perteneze perteneze potenziaz pozizion producto raiz utilizar ziempre zolo zuma zuniga zuztraendo"
  }
},
{
  "model": "material.content",
  "pk": 2,
  "fields": {
    "moment": "2017-11-01T05:32:30.709Z",
    "unit": 30,
    "author": 1,
    "title": "Teorema de Pit\u00e1goras",
    "summary": "En un tri\u00e1ngulo rect\u00e1ngulo el cuadrado de la hipotenusa es igual a la suma de los cuadrados de los otros dos lados",
    "text": "[{\"schema\":\"text\",\"text\":\"Hace a\u00f1os, un hombre llamado Pit\u00e1goras descubri\u00f3 un hecho asombroso sobre tri\u00e1ngulos:\"}, {\"schema\":\"text\",\"text\":\"Si el tri\u00e1ngulo tiene un \u00e1ngulo recto ($90\u00b0$)...\\n... y pones un cuadrado sobre cada uno de sus lados, entonces...\\n... \u00a1el cuadrado m\u00e1s grande tiene exactamente la misma \u00e1rea que los otros dos cuadrados juntos!\"}, {\"schema\":\"text\",\"text\":\"El lado m\u00e1s largo del tri\u00e1ngulo se llama *hipotenusa*, as\u00ed que la definici\u00f3n formal es:\"}, {\"schema\":\"text\",\"text\":\"En un tri\u00e1ngulo rect\u00e1ngulo el cuadrado de la hipotenusa es igual a la suma de los cuadrados de los otros dos lados (llamamos *tri\u00e1ngulo rect\u00e1ngulo* a un tri\u00e1ngulo con un \u00e1ngulo recto)\\nEntonces, el cuadrado de a ($a^2$) m\u00e1s el cuadrado de b ($b^2$) es igual al cuadrado de c ($c^2$): $$a^2 + b^2 = c^2$$\"}, {\"schema\":\"text\",\"text\":\"\u00bfSeguro... ?\\nVeamos si funciona con un ejemplo. Un tri\u00e1ngulo de lados $3, 4 , 5$ tiene un \u00e1ngulo recto, as\u00ed que la f\u00f3rmula deber\u00eda funcionar.\"}, {\"schema\":\"title\",\"title\":\"Teorema de Pit\u00e1goras\"}, {\"schema\":\"text\",\"text\":\"Veamos si las \u00e1reas son la misma: $$3^2 + 4^2 = 5^2$$\\nCalculando obtenemos:$$9 + 16 = 25$$\"}, {\"schema\":\"text\",\"text\":\"*\u00a1s\u00ed, funciona!*\\n\u00bfPor qu\u00e9 es \u00fatil esto? Si sabemos las longitudes de dos lados de un tri\u00e1ngulo con un \u00e1ngulo recto, el Teorema de Pit\u00e1goras nos ayuda a encontrar la longitud del tercer lado. (\u00a1Pero recuerda que s\u00f3lo funciona en tri\u00e1ngulos rect\u00e1ngulos!)\"}]",
    "primitive": "alberto angulo anoz area areaz ayuda azombrozo deberia definizion dezkubrio eco ejemplo enkontrar entonzez exactamente ezto formal formula funziona funzionar grande igual ipotenuza juntoz kada kuadrado kuadradoz lado ladoz largo lonjitud lonjitudez mizma naze nbeamoz nentonzez nkalkulando nteorema obtenemoz ombre otroz pero pitagoraz ponez rectangulo rectanguloz recto rekuerda teorema terzer tiene triangulo trianguloz util yama yamado yamamoz zabemoz zeguro zobre zolo zuma zuniga"
  }
},
{
  "model": "exercises.automatedexercise",
  "pk": 1,
  "fields": {
    "difficulty": 2,
    "author": 3,
    "unit": 56,
    "moment": "2017-11-01T05:48:25.311Z",
    "briefing": "Une las f\u00f3rmulas con las figuras geom\u00e9tricas...",
    "text": "[{\"schema\":\"text\",\"text\":\"Une las f\u00f3rmulas con las figuras geom\u00e9tricas que representan:\"}]",
    "content": "{\"schema\":\"matching\",\"sideA\":[\"y = x^2\",\"y = x\",\"y = 1/x\"],\"sideB\":[\"Recta\",\"C\u00edrculo\",\"Par\u00e1bola\",\"Hip\u00e9rbola\",\"Cono\"]}",
    "right_answer": "{\"schema\":\"matching\",\"matchs\":[2,0,3]}",
    "primitive": "profezor figuraz formulaz jeometrikaz reprezentan zuniga"
  }
},
{
  "model": "exercises.automatedexercise",
  "pk": 2,
  "fields": {
    "difficulty": 1,
    "author": 1,
    "unit": 30,
    "moment": "2017-11-01T05:49:52.513Z",
    "briefing": "Si los lados de un cateto son 3 y 4...",
    "text": "[{\"schema\":\"text\",\"text\":\"Si los lados de un cateto son $3$ y $4$ \u00bfCu\u00e1l es la hipotenusa?\"}]",
    "content": "{\"schema\":\"alternatives\",\"alts\":[\"5^2\",\"5\",\"3.4\"]}",
    "right_answer": "{\"schema\":\"alternatives\",\"answer\":0}",
    "primitive": "alberto ipotenuza kateto kual ladoz zuniga"
  }
},
{
  "model": "exercises.automatedexercise",
  "pk": 3,
  "fields": {
    "difficulty": 2,
    "author": 2,
    "unit": 18,
    "moment": "2017-11-01T05:52:17.114Z",
    "briefing": "Este ejercicio divide a estudiantes chilenos...",
    "text": "[{\"schema\":\"text\",\"text\":\"Este ejercicio divide a estudiantes chilenos: $$6/2(1+2)$$ \u00bfCu\u00e1nto vale?\"}]",
    "content": "{\"schema\":\"alternatives\",\"alts\":[\"1\",\"1.5\",\"9\",\"4\"]}",
    "right_answer": "{\"schema\":\"alternatives\",\"answer\":2}",
    "primitive": "alberto bale dibide ejerzizio ezte eztudiantez kuanto zilenoz zuniga"
  }
},
{
  "model": "auth.user",
  "pk": 1,
  "fields": {
    "password": "pbkdf2_sha256$36000$vpAu44inTNkl$V0HQrUZSPNegTWCPYrIYdKTlRnavhIKQHbTvu6baPvE=",
    "last_login": "2017-10-31T05:50:04Z",
    "is_superuser": true,
    "username": "admin",
    "first_name": "Alberto",
    "last_name": "Z\u00fa\u00f1iga",
    "email": "admin@appunta.cl",
    "is_staff": true,
    "is_active": true,
    "date_joined": "2017-10-31T02:58:07Z",
    "groups": [],
    "user_permissions": []
  }
},
{
  "model": "auth.user",
  "pk": 2,
  "fields": {
    "password": "pbkdf2_sha256$36000$SGPnCh52sQob$sRM7TucY30tlHfw89yb5BbjfNgumxfRDxmoMgiSeaUg=",
    "last_login": null,
    "is_superuser": false,
    "username": "jperez",
    "first_name": "Juan",
    "last_name": "P\u00e9rez",
    "email": "jperez@gmail.com",
    "is_staff": false,
    "is_active": true,
    "date_joined": "2017-10-31T02:58:07Z",
    "groups": [],
    "user_permissions": []
  }
},
{
  "model": "auth.user",
  "pk": 3,
  "fields": {
    "password": "pbkdf2_sha256$36000$CeWhAyJPABoT$II1n86iJoj2y2+gTS+dS23lljidoBe8MODO+cBC4DwQ=",
    "last_login": null,
    "is_superuser": false,
    "username": "profesor",
    "first_name": "Jaime",
    "last_name": "Guzm\u00e1n",
    "email": "profesor@appunta.cl",
    "is_staff": false,
    "is_active": true,
    "date_joined": "2017-10-31T02:58:07Z",
    "groups": [],
    "user_permissions": []
  }
},
{
  "model": "users.appuntateacher",
  "pk": 1,
  "fields": {
    "birth_date": "1994-10-16",
    "institution": "Colegio Champagnat",
    "avatar": "",
    "user": 1,
    "rut": "18955078-2",
    "bio": "Soy un estudiante que se dedica a hacer clases privadas. Me gusta ense\u00f1ar y sentir que puedo aportar en la formaci\u00f3n de alguien."
  }
},
{
  "model": "users.appuntateacher",
  "pk": 2,
  "fields": {
    "birth_date": "1989-10-15",
    "institution": "Colegio Champagnat",
    "avatar": "",
    "user": 2,
    "rut": "14462199-9",
    "bio": "Soy muy perseverante, y la satisfacci\u00f3n que siento por mi trabajo es impagable."
  }
},
{
  "model": "users.appuntateacher",
  "pk": 3,
  "fields": {
    "birth_date": "1980-11-09",
    "institution": "UTFSM",
    "avatar": "",
    "user": 3,
    "rut": "13514788-5",
    "bio": "Profesor en\u00e9rgico y siempre dispuesto a aprender nuevos m\u00e9todos de ense\u00f1anza."
  }
}
]
